  ,Name                ,Category ,|nodes| ,|edges| ,density             ,clustering coefficient ,real/synthetic?
0 ,Petersen            ,Small    ,10      ,15      ,0.3333333333333333  ,0.0                    ,synthetic
1 ,Tutte               ,Small    ,46      ,69      ,0.06666666666666667 ,0.0                    ,synthetic
2 ,Florentine Families ,Social   ,15      ,20      ,0.19047619047619047 ,0.16                   ,real
3 ,Karate Club         ,Social   ,34      ,78      ,0.13903743315508021 ,0.5706384782076823     ,real
4 ,Les Miserables      ,Social   ,77      ,254     ,0.08680792891319207 ,0.5731367499320134     ,real
